protein,chain,residue,residue_name,score
folded,A,1,M,0.7378
folded,A,2,S,-0.6788
folded,A,3,H,-2.1913
folded,A,4,E,-3.2399
folded,A,5,K,-2.4455
folded,A,6,S,-0.0631
folded,A,7,F,2.5503
folded,A,8,L,3.3628
folded,A,9,V,2.8368
folded,A,10,S,0.2925
folded,A,11,G,-1.3437
folded,A,12,D,-2.4150
folded,A,13,N,-1.6988
folded,A,14,Y,0.1191
folded,A,15,P,-0.2567
folded,A,16,P,-0.6550
folded,A,17,P,-0.9651
folded,A,18,N,-1.7120
folded,A,19,P,-0.8994
folded,A,20,G,-0.2890
folded,A,21,Y,0.8196
folded,A,22,P,-0.0413
folded,A,23,G,-0.7387
folded,A,24,G,-1.1858
folded,A,25,P,-1.2417
folded,A,26,Q,-1.5253
folded,A,27,P,-0.8484
folded,A,28,P,-0.2789
folded,A,29,M,0.6974
folded,A,30,P,0.3612
folded,A,31,P,0.3492
folded,A,32,Y,0.9643
folded,A,33,A,-0.0751
folded,A,34,Q,-0.8968
folded,A,35,P,-0.5124
folded,A,36,P,-0.1463
folded,A,37,Y,0.7509
folded,A,38,P,0.0479
folded,A,39,G,-0.1687
folded,A,40,A,0.0848
folded,A,41,P,0.0775
folded,A,42,Y,0.7414
folded,A,43,P,-0.3497
folded,A,44,Q,-1.0288
folded,A,45,P,-0.4207
folded,A,46,P,-0.0454
folded,A,47,F,0.9562
folded,A,48,Q,-0.4993
folded,A,49,P,-0.4478
folded,A,50,S,-0.2669
folded,A,51,P,-0.1543
folded,A,52,Y,0.6041
folded,A,53,G,-0.5006
folded,A,54,Q,-1.2865
folded,A,55,P,-0.9570
folded,A,56,G,-0.4055
folded,A,57,Y,0.5849
folded,A,58,P,-0.3097
folded,A,59,H,-1.1643
folded,A,60,G,-1.2126
folded,A,61,P,-0.7252
folded,A,62,S,-0.3813
folded,A,63,P,-0.0271
folded,A,64,Y,0.6789
folded,A,65,P,-0.4597
folded,A,66,Q,-1.2727
folded,A,67,G,-0.9061
folded,A,68,G,-0.5925
folded,A,69,Y,0.3396
folded,A,70,P,-0.5330
folded,A,71,Q,-1.1506
folded,A,72,G,-0.8006
folded,A,73,P,-0.3562
folded,A,74,Y,0.4381
folded,A,75,P,-0.5145
folded,A,76,Q,-1.2078
folded,A,77,G,-0.8885
folded,A,78,G,-0.5933
folded,A,79,Y,0.3363
folded,A,80,P,-0.5442
folded,A,81,Q,-1.1521
folded,A,82,G,-0.7708
folded,A,83,P,-0.3910
folded,A,84,Y,0.2566
folded,A,85,P,-0.9000
folded,A,86,Q,-1.8574
folded,A,87,E,-2.2398
folded,A,88,G,-1.3138
folded,A,89,Y,0.0165
folded,A,90,P,-0.6625
folded,A,91,Q,-1.1126
folded,A,92,G,-0.6830
folded,A,93,P,-0.3402
folded,A,94,Y,0.4614
folded,A,95,P,-0.4912
folded,A,96,Q,-1.2362
folded,A,97,G,-0.8575
folded,A,98,G,-0.5875
folded,A,99,Y,0.4008
folded,A,100,P,-0.4373
folded,A,101,Q,-1.1618
folded,A,102,G,-0.6882
folded,A,103,P,-0.3212
folded,A,104,Y,0.5293
folded,A,105,P,-0.3423
folded,A,106,Q,-0.9901
folded,A,107,S,-0.4046
folded,A,108,P,0.1590
folded,A,109,F,1.3074
folded,A,110,P,0.1405
folded,A,111,P,-0.5075
folded,A,112,N,-1.0992
folded,A,113,P,-0.4445
folded,A,114,Y,0.3445
folded,A,115,G,-0.5865
folded,A,116,Q,-1.5396
folded,A,117,P,-1.0685
folded,A,118,Q,-0.2990
folded,A,119,V,2.0214
folded,A,120,F,2.3253
folded,A,121,P,0.5968
folded,A,122,G,-1.2047
folded,A,123,Q,-2.6712
folded,A,124,D,-3.1270
folded,A,125,P,-2.3226
folded,A,126,D,-2.7789
folded,A,127,S,-1.9867
folded,A,128,P,-1.6491
folded,A,129,Q,-2.3538
folded,A,130,H,-2.0385
folded,A,131,G,-1.7436
folded,A,132,N,-1.8894
folded,A,133,Y,-1.0249
folded,A,134,Q,-2.4524
folded,A,135,E,-3.2454
folded,A,136,E,-3.1266
folded,A,137,G,-2.3094
folded,A,138,P,-1.1774
folded,A,139,P,-0.9172
folded,A,140,S,-0.1224
folded,A,141,Y,0.9467
folded,A,142,Y,0.4376
folded,A,143,D,-1.8645
folded,A,144,N,-2.2618
folded,A,145,Q,-2.4472
folded,A,146,D,-2.1327
folded,A,147,F,0.0183
folded,A,148,P,-0.3887
folded,A,149,A,-0.3426
folded,A,150,T,-1.2502
folded,A,151,N,-2.0710
folded,A,152,W,-1.3348
folded,A,153,D,-2.8095
folded,A,154,D,-3.2292
folded,A,155,K,-3.2307
folded,A,156,S,-1.8446
folded,A,157,I,-0.7251
folded,A,158,R,-1.9153
folded,A,159,Q,-2.4490
folded,A,160,A,-1.3427
folded,A,161,F,-0.6240
folded,A,162,I,-0.8226
folded,A,163,R,-1.8204
folded,A,164,K,-1.3260
folded,A,165,V,0.0000
folded,A,166,F,0.6512
folded,A,167,L,1.4525
folded,A,168,V,1.1677
folded,A,169,L,0.0000
folded,A,170,T,1.5096
folded,A,171,L,2.4404
folded,A,172,Q,0.0000
folded,A,173,L,1.5442
folded,A,174,S,1.3744
folded,A,175,V,1.5607
folded,A,176,T,0.0000
folded,A,177,L,1.8331
folded,A,178,S,0.9486
folded,A,179,T,0.9350
folded,A,180,V,0.0000
folded,A,181,S,1.7719
folded,A,182,V,1.9278
folded,A,183,F,0.0000
folded,A,184,T,0.0000
folded,A,185,F,2.5060
folded,A,186,V,1.6852
folded,A,187,A,0.5370
folded,A,188,E,-0.5974
folded,A,189,V,0.5257
folded,A,190,K,0.4143
folded,A,191,G,-0.4522
folded,A,192,F,0.5424
folded,A,193,V,0.0000
folded,A,194,R,-0.5727
folded,A,195,E,-1.4163
folded,A,196,N,-0.1087
folded,A,197,V,1.2353
folded,A,198,W,2.0517
folded,A,199,T,1.6294
folded,A,200,Y,2.2194
folded,A,201,Y,3.0167
folded,A,202,V,2.8832
folded,A,203,S,0.0000
folded,A,204,Y,2.6982
folded,A,205,A,2.5242
folded,A,206,V,2.9476
folded,A,207,F,0.0000
folded,A,208,F,3.1810
folded,A,209,I,3.8138
folded,A,210,S,2.7822
folded,A,211,L,2.7750
folded,A,212,I,3.7065
folded,A,213,V,2.6801
folded,A,214,L,0.0000
folded,A,215,S,1.6557
folded,A,216,C,1.4316
folded,A,217,C,0.5446
folded,A,218,G,-1.1450
folded,A,219,D,-2.3387
folded,A,220,F,-1.0380
folded,A,221,R,-1.5760
folded,A,222,R,-3.4320
folded,A,223,K,-3.1635
folded,A,224,H,-1.8083
folded,A,225,P,-0.5769
folded,A,226,W,0.0631
folded,A,227,N,0.0000
folded,A,228,L,0.9892
folded,A,229,V,1.5417
folded,A,230,A,0.0000
folded,A,231,L,0.0000
folded,A,232,S,1.1092
folded,A,233,V,1.2541
folded,A,234,L,0.0000
folded,A,235,T,0.0000
folded,A,236,A,0.5875
folded,A,237,S,0.0000
folded,A,238,L,0.0000
folded,A,239,S,0.0000
folded,A,240,Y,0.5930
folded,A,241,M,0.0000
folded,A,242,V,0.0000
folded,A,243,G,0.0000
folded,A,244,M,0.0000
folded,A,245,I,1.0102
folded,A,246,A,0.0000
folded,A,247,S,0.0000
folded,A,248,F,1.3650
folded,A,249,Y,-0.2120
folded,A,250,N,-1.5279
folded,A,251,T,-0.3313
folded,A,252,E,-1.5256
folded,A,253,A,0.0000
folded,A,254,V,0.0000
folded,A,255,I,1.5746
folded,A,256,M,1.3383
folded,A,257,A,0.0000
folded,A,258,V,1.6990
folded,A,259,G,1.1249
folded,A,260,I,1.8650
folded,A,261,T,0.0000
folded,A,262,T,1.0525
folded,A,263,A,1.3027
folded,A,264,V,1.5891
folded,A,265,C,1.9151
folded,A,266,F,3.0687
folded,A,267,T,2.2567
folded,A,268,V,2.2400
folded,A,269,V,2.5437
folded,A,270,I,3.3494
folded,A,271,F,2.6781
folded,A,272,S,0.0000
folded,A,273,M,1.4762
folded,A,274,Q,0.0983
folded,A,275,T,-0.2646
folded,A,276,R,-1.5331
folded,A,277,Y,-0.4472
folded,A,278,D,-1.3038
folded,A,279,F,0.1414
folded,A,280,T,0.0563
folded,A,281,S,0.1863
folded,A,282,C,1.1197
folded,A,283,M,1.8426
folded,A,284,G,1.7679
folded,A,285,V,3.1178
folded,A,286,L,0.0000
folded,A,287,L,3.7954
folded,A,288,V,4.3424
folded,A,289,S,3.7284
folded,A,290,M,4.1167
folded,A,291,V,4.7043
folded,A,292,V,4.5611
folded,A,293,L,0.0000
folded,A,294,F,4.7848
folded,A,295,I,4.7132
folded,A,296,F,3.8024
folded,A,297,A,3.8023
folded,A,298,I,4.2697
folded,A,299,L,4.2248
folded,A,300,C,3.1332
folded,A,301,I,3.7335
folded,A,302,F,3.8628
folded,A,303,I,2.7087
folded,A,304,R,-0.0000
folded,A,305,N,-0.3778
folded,A,306,R,-0.6709
folded,A,307,I,1.5169
folded,A,308,L,1.3589
folded,A,309,E,0.8112
folded,A,310,I,1.4930
folded,A,311,V,1.9874
folded,A,312,Y,1.8329
folded,A,313,A,0.0000
folded,A,314,S,1.4826
folded,A,315,L,1.9630
folded,A,316,G,0.0000
folded,A,317,A,0.0000
folded,A,318,L,2.1187
folded,A,319,L,0.0000
folded,A,320,F,1.1252
folded,A,321,T,1.0925
folded,A,322,C,1.0934
folded,A,323,F,1.1147
folded,A,324,L,0.0000
folded,A,325,A,0.0000
folded,A,326,V,0.0000
folded,A,327,D,0.1688
folded,A,328,T,0.0000
folded,A,329,Q,0.0000
folded,A,330,L,-0.1509
folded,A,331,L,0.0000
folded,A,332,L,-0.1297
folded,A,333,G,-1.2113
folded,A,334,N,-2.3717
folded,A,335,K,-2.4758
folded,A,336,Q,-1.8857
folded,A,337,L,-0.0171
folded,A,338,S,0.1457
folded,A,339,L,1.0610
folded,A,340,S,0.1776
folded,A,341,P,-0.7495
folded,A,342,E,0.0000
folded,A,343,E,0.5569
folded,A,344,Y,0.0000
folded,A,345,V,0.0000
folded,A,346,F,1.6985
folded,A,347,A,0.8674
folded,A,348,A,0.0000
folded,A,349,L,0.0000
folded,A,350,N,0.2183
folded,A,351,L,0.0000
folded,A,352,Y,0.0000
folded,A,353,T,-0.1339
folded,A,354,D,0.0000
folded,A,355,I,0.0000
folded,A,356,I,0.0000
folded,A,357,N,-0.0897
folded,A,358,I,0.0000
folded,A,359,F,0.0000
folded,A,360,L,0.4800
folded,A,361,Y,0.8453
folded,A,362,I,0.9677
folded,A,363,L,0.0000
folded,A,364,T,0.4143
folded,A,365,I,0.6516
folded,A,366,I,-0.4197
folded,A,367,G,0.0000
folded,A,368,R,-1.1842
folded,A,369,A,-0.9594
folded,A,370,K,-2.4666
folded,A,371,E,-2.7935
